index,abbr,name,level,type,area
1,PPoPP,ACM SIGPLAN Symposium on Principles & Practice of Parallel Programming,A,会议,计算机体系结构/并行与分布计算/存储系统
2,FAST,Conference on File and Storage Technologies,A,会议,计算机体系结构/并行与分布计算/存储系统
3,DAC,Design Automation Conference,A,会议,计算机体系结构/并行与分布计算/存储系统
4,HPCA,High Performance Computer Architecture,A,会议,计算机体系结构/并行与分布计算/存储系统
5,MICRO,IEEE/ACM International Symposium on Microarchitecture,A,会议,计算机体系结构/并行与分布计算/存储系统
6,SC,"International Conference for High Performance Computing, Networking, Storage, and Analysis",A,会议,计算机体系结构/并行与分布计算/存储系统
7,ASPLOS,International Conference on Architectural Support for Programming Languages and Operating Systems,A,会议,计算机体系结构/并行与分布计算/存储系统
8,ISCA,International Symposium on Computer Architecture,A,会议,计算机体系结构/并行与分布计算/存储系统
9,USENIX ATC,USENIX Annul Technical Conference,A,会议,计算机体系结构/并行与分布计算/存储系统
1,SoCC,ACM Symposium on Cloud Computing,B,会议,计算机体系结构/并行与分布计算/存储系统
2,SPAA,ACM Symposium on Parallelism in Algorithms and Architectures,B,会议,计算机体系结构/并行与分布计算/存储系统
3,PODC,ACM Symposium on Principles of Distributed Computing,B,会议,计算机体系结构/并行与分布计算/存储系统
4,FPGA,ACM/SIGDA International Symposium on Field-Programmable Gate Arrays,B,会议,计算机体系结构/并行与分布计算/存储系统
5,CGO,Code Generation and Optimization,B,会议,计算机体系结构/并行与分布计算/存储系统
6,DATE,"Design, Automation & Test in Europe",B,会议,计算机体系结构/并行与分布计算/存储系统
7,EuroSys,European Conference on Computer Systems,B,会议,计算机体系结构/并行与分布计算/存储系统
8,HOT CHIPS,Hot Chips: A Symposium on High Performance Chips,B,会议,计算机体系结构/并行与分布计算/存储系统
9,CLUSTER,IEEE International Conference on Cluster Computing,B,会议,计算机体系结构/并行与分布计算/存储系统
10,ICCD,International Conference on Computer Design,B,会议,计算机体系结构/并行与分布计算/存储系统
11,ICCAD,International Conference on Computer-Aided Design,B,会议,计算机体系结构/并行与分布计算/存储系统
12,ICDCS,International Conference on Distributed Computing Systems,B,会议,计算机体系结构/并行与分布计算/存储系统
13,CODES+ISSS,International Conference on Hardware/Software Co-design and System Synthesis,B,会议,计算机体系结构/并行与分布计算/存储系统
14,HiPEAC,International Conference on High Performance and Embedded Architectures and Compilers,B,会议,计算机体系结构/并行与分布计算/存储系统
15,SIGMETRICS,International Conference on Measurement and Modeling of Computer Systems,B,会议,计算机体系结构/并行与分布计算/存储系统
16,PACT,International Conference on Parallel Architectures and Compilation Techniques,B,会议,计算机体系结构/并行与分布计算/存储系统
17,ICPP,International Conference on Parallel Processing,B,会议,计算机体系结构/并行与分布计算/存储系统
18,ICS,International Conference on Supercomputing,B,会议,计算机体系结构/并行与分布计算/存储系统
19,VEE,International Conference on Virtual Execution Environments,B,会议,计算机体系结构/并行与分布计算/存储系统
20,IPDPS,International Parallel & Distributed Processing Symposium,B,会议,计算机体系结构/并行与分布计算/存储系统
21,Performance,"International Symposium on Computer Performance Modeling, Measurements and Evaluation",B,会议,计算机体系结构/并行与分布计算/存储系统
22,HPDC,International Symposium on High Performance Distributed Computing,B,会议,计算机体系结构/并行与分布计算/存储系统
23,ITC,International Test Conference,B,会议,计算机体系结构/并行与分布计算/存储系统
24,LISA,Large Installation System Administration Conference,B,会议,计算机体系结构/并行与分布计算/存储系统
25,MSST,Mass Storage Systems and Technologies,B,会议,计算机体系结构/并行与分布计算/存储系统
26,RTAS,Real-Time and Embedded Technology and Applications Symposium,B,会议,计算机体系结构/并行与分布计算/存储系统
1,CF,ACM International Conference on Computing Frontiers,C,会议,计算机体系结构/并行与分布计算/存储系统
2,SYSTOR,ACM International Systems and Storage Conference,C,会议,计算机体系结构/并行与分布计算/存储系统
3,NOCS,ACM/IEEE International Symposium on Networks-on-Chip,C,会议,计算机体系结构/并行与分布计算/存储系统
4,ASAP,"Application-Specific Systems, Architectures, and Processors",C,会议,计算机体系结构/并行与分布计算/存储系统
5,ASP-DAC,Asia and South Pacific Design Automation Conference,C,会议,计算机体系结构/并行与分布计算/存储系统
6,Euro-Par,European Conference on Parallel and Distributed Computing,C,会议,计算机体系结构/并行与分布计算/存储系统
7,ETS,European Test Symposium,C,会议,计算机体系结构/并行与分布计算/存储系统
8,FPL,Field Programmable Logic and Applications,C,会议,计算机体系结构/并行与分布计算/存储系统
9,FCCM,Field-Programmable Custom Computing Machines,C,会议,计算机体系结构/并行与分布计算/存储系统
10,GLSVLSI,Great Lakes Symposium on VLSI,C,会议,计算机体系结构/并行与分布计算/存储系统
11,ATS,IEEE Asian Test Symposium,C,会议,计算机体系结构/并行与分布计算/存储系统
12,HPCC,IEEE International Conference on High Performance Computing and Communications,C,会议,计算机体系结构/并行与分布计算/存储系统
13,HiPC,"IEEE International Conference on High Performance Computing, Data and Analytics",C,会议,计算机体系结构/并行与分布计算/存储系统
14,MASCOTS,"IEEE International Symposium on Modeling, Analysis, and Simulation of Computer and Telecommunication Systems",C,会议,计算机体系结构/并行与分布计算/存储系统
15,ISPA,IEEE International Symposium on Parallel and Distributed Processing with Applications,C,会议,计算机体系结构/并行与分布计算/存储系统
16,CCGRID,"IEEE/ACM International Symposium on Cluster, Cloud and Grid Computing",C,会议,计算机体系结构/并行与分布计算/存储系统
17,NPC,IFIP International Conference on Network and Parallel Computing,C,会议,计算机体系结构/并行与分布计算/存储系统
18,ICA3PP,International Conference on Algorithms and Architectures for Parallel Processing,C,会议,计算机体系结构/并行与分布计算/存储系统
19,CASES,"International Conference on Compilers, Architectures, and Synthesis for Embedded Systems",C,会议,计算机体系结构/并行与分布计算/存储系统
20,FPT,International Conference on Field-Programmable Technology,C,会议,计算机体系结构/并行与分布计算/存储系统
21,ICPADS,International Conference on Parallel and Distributed Systems,C,会议,计算机体系结构/并行与分布计算/存储系统
22,ISCAS,International Symposium on Circuits and Systems,C,会议,计算机体系结构/并行与分布计算/存储系统
23,ISLPED,International Symposium on Low Power Electronics and Design,C,会议,计算机体系结构/并行与分布计算/存储系统
24,ISPD,International Symposium on Physical Design,C,会议,计算机体系结构/并行与分布计算/存储系统
25,HotI,Symposium on High-Performance Interconnects,C,会议,计算机体系结构/并行与分布计算/存储系统
26,VTS,VLSI Test Symposium,C,会议,计算机体系结构/并行与分布计算/存储系统
1,SIGCOMM,"ACM International Conference on Applications, Technologies, Architectures, and Protocols for Computer Communication",A,会议,计算机网络
2,MobiCom,ACM International Conference on Mobile Computing and Networking,A,会议,计算机网络
3,INFOCOM,IEEE International Conference on Computer Communications,A,会议,计算机网络
4,NSDI,Symposium on Network System Design and Implementation,A,会议,计算机网络
1,SenSys,ACM Conference on Embedded Networked Sensor Systems,B,会议,计算机网络
2,CoNEXT,ACM International Conference on Emerging Networking Experiments and Technologies,B,会议,计算机网络
3,SECON,IEEE Communications Society Conference on Sensor and Ad Hoc Communications and Networks,B,会议,计算机网络
4,IPSN,International Conference on Information Processing in Sensor Networks,B,会议,计算机网络
5,MobiSys,"International Conference on Mobile Systems, Applications, and Services",B,会议,计算机网络
6,ICNP,International Conference on Network Protocols,B,会议,计算机网络
7,MobiHoc,International Symposium on Mobile Ad Hoc Networking and Computing,B,会议,计算机网络
8,NOSSDAV,International Workshop on Network and Operating System Support for Digital Audio and Video,B,会议,计算机网络
9,IWQoS,International Workshop on Quality of Service,B,会议,计算机网络
10,IMC,Internet Measurement Conference,B,会议,计算机网络
1,ANCS,Architectures for Networking and Communications Systems,C,会议,计算机网络
2,APNOMS,Asia-Pacific Network Operations and Management Symposium,C,会议,计算机网络
3,FORTE,Formal Techniques for Networked and Distributed Systems,C,会议,计算机网络
4,LCN,IEEE Conference on Local Computer Networks,C,会议,计算机网络
5,GLOBECO M,IEEE Global Communications Conference,C,会议,计算机网络
6,ICC,IEEE International Conference on Communications,C,会议,计算机网络
7,ICCCN,IEEE International Conference on Computer Communications and Networks,C,会议,计算机网络
8,MASS,IEEE International Conference on Mobile Ad-hoc and Sensor Systems,C,会议,计算机网络
9,P2P,IEEE International Conference on Peer-to-Peer Computing,C,会议,计算机网络
10,IPCCC,IEEE International Performance Computing and Communications Conference,C,会议,计算机网络
11,WoWMoM,"IEEE International Symposium on a World of Wireless, Mobile and Multimedia Networks",C,会议,计算机网络
12,ISCC,IEEE Symposium on Computers and Communications,C,会议,计算机网络
13,WCNC,IEEE Wireless Communications & Networking Conference,C,会议,计算机网络
14,Networking,IFIP International Conferences on Networking,C,会议,计算机网络
15,IM,IFIP/IEEE International Symposium on Integrated Network Management,C,会议,计算机网络
16,MSN,International Conference on Mobile Ad-hoc and Sensor Networks,C,会议,计算机网络
17,MSWiM,"International Conference on Modeling, Analysis and Simulation of Wireless and Mobile Systems",C,会议,计算机网络
18,WASA,"International Conference on Wireless Algorithms, Systems, and Applications",C,会议,计算机网络
19,HotNets,The Workshop on Hot Topics in Networks,C,会议,计算机网络
1,CCS,ACM Conference on Computer and Communications Security,A,会议,网络与信息安全
2,EUROCRYPT,European Cryptology Conference,A,会议,网络与信息安全
3,S&P,IEEE Symposium on Security and Privacy,A,会议,网络与信息安全
4,CRYPTO,International Cryptology Conference,A,会议,网络与信息安全
5,USENIX Security,Usenix Security Symposium,A,会议,网络与信息安全
1,ACSAC,Annual Computer Security Applications Conference,B,会议,网络与信息安全
2,ASIACRYPT,Annual International Conference on the Theory and Application of Cryptology and Information Security,B,会议,网络与信息安全
3,ESORICS,European Symposium on Research in Computer Security,B,会议,网络与信息安全
4,FSE,Fast Software Encryption,B,会议,网络与信息安全
5,CSFW,IEEE Computer Security Foundations Workshop,B,会议,网络与信息安全
6,SRDS,IEEE International Symposium on Reliable Distributed Systems,B,会议,网络与信息安全
7,CHES,International Conference on Cryptographic Hardware and Embedded Systems,B,会议,网络与信息安全
8,DSN,International Conference on Dependable Systems and Networks,B,会议,网络与信息安全
9,RAID,International Symposium on Recent Advances in Intrusion Detection,B,会议,网络与信息安全
10,PKC,International Workshop on Practice and Theory in Public Key Cryptography,B,会议,网络与信息安全
11,NDSS,ISOC Network and Distributed System Security Symposium,B,会议,网络与信息安全
12,TCC,Theory of Cryptography Conference,B,会议,网络与信息安全
1,WiSec,ACM Conference on Security and Privacy in Wireless and Mobile Networks,C,会议,网络与信息安全
2,SACMAT,ACM Symposium on Access Control Models and Technologies,C,会议,网络与信息安全
3,DRM,ACM Workshop on Digital Rights Management,C,会议,网络与信息安全
4,IH&MMSec,ACM Workshop on Information Hiding and Multimedia Security,C,会议,网络与信息安全
5,ACNS,Applied Cryptography and Network Security,C,会议,网络与信息安全
6,AsiaCCS,Asia Conference on Computer and Communications Security,C,会议,网络与信息安全
7,ACISP,Australasia Conference on Information Security and Privacy,C,会议,网络与信息安全
8,CT-RSA,Cryptographer’s Track at RSA Conference,C,会议,网络与信息安全
9,DIMVA,Detection of Intrusions and Malware & Vulnerability Assessment,C,会议,网络与信息安全
10,DFRWS,Digital Forensic Research Workshop,C,会议,网络与信息安全
11,FC,Financial Cryptography and Data Security,C,会议,网络与信息安全
12,TrustCom,"IEEE International Conference on Trust, Security and Privacy in Computing and Communications",C,会议,网络与信息安全
13,SEC,IFIP International Information Security Conference,C,会议,网络与信息安全
14,IFIP WG 11.9,IFIP WG 11.9 International Conference on Digital Forensics,C,会议,网络与信息安全
15,ISC,Information Security Conference,C,会议,网络与信息安全
16,ICDF2C,International Conference on Digital Forensics & Cyber Crime,C,会议,网络与信息安全
17,ICICS,International Conference on Information and Communications Security,C,会议,网络与信息安全
18,SecureComm,International Conference on Security and Privacy in Communication Networks,C,会议,网络与信息安全
19,NSPW,New Security Paradigms Workshop,C,会议,网络与信息安全
20,PAM,Passive and Active Measurement Conference,C,会议,网络与信息安全
21,PETS,Privacy Enhancing Technologies Symposium,C,会议,网络与信息安全
22,SAC,Selected Areas in Cryptography,C,会议,网络与信息安全
23,SOUPS,Symposium On Usable Privacy and Security,C,会议,网络与信息安全
24,HotSec,USENIX Workshop on Hot Topics in Security,C,会议,网络与信息安全
1,PLDI,ACM SIGPLAN Conference on Programming Language Design & Implementation,A,会议,软件工程/系统软件/程序设计语言
2,POPL,ACM SIGPLAN-SIGACT Symposium on Principles of Programming Languages,A,会议,软件工程/系统软件/程序设计语言
3,FSE/ESEC,ACM SIGSOFT Symposium on the Foundation of Software Engineering/ European Software Engineering Conference,A,会议,软件工程/系统软件/程序设计语言
4,SOSP,ACM Symposium on Operating Systems Principles,A,会议,软件工程/系统软件/程序设计语言
5,OOPSLA,"Conference on Object-Oriented Programming Systems, Languages, and Applications",A,会议,软件工程/系统软件/程序设计语言
6,ASE,International Conference on Automated Software Engineering,A,会议,软件工程/系统软件/程序设计语言
7,ICSE,International Conference on Software Engineering,A,会议,软件工程/系统软件/程序设计语言
8,ISSTA,International Symposium on Software Testing and Analysis,A,会议,软件工程/系统软件/程序设计语言
9,OSDI,USENIX Symposium on Operating Systems Design and Implementations,A,会议,软件工程/系统软件/程序设计语言
1,ECOOP,European Conference on Object-Oriented Programming,B,会议,软件工程/系统软件/程序设计语言
2,ETAPS,European Joint Conferences on Theory and Practice of Software,B,会议,软件工程/系统软件/程序设计语言
3,ICPC,IEEE International Conference on Program Comprehension,B,会议,软件工程/系统软件/程序设计语言
4,RE,IEEE International Requirement Engineering Conference,B,会议,软件工程/系统软件/程序设计语言
5,CAiSE,International Conference on Advanced Information Systems Engineering,B,会议,软件工程/系统软件/程序设计语言
6,ICFP,International Conference on Function Programming,B,会议,软件工程/系统软件/程序设计语言
7,LCTES,"International Conference on Languages, Compilers and Tools for Embedded Systems",B,会议,软件工程/系统软件/程序设计语言
8,MoDELS,International Conference on Model Driven Engineering Languages and Systems,B,会议,软件工程/系统软件/程序设计语言
9,CP,International Conference on Principles and Practice of Constraint Programming,B,会议,软件工程/系统软件/程序设计语言
10,ICSOC,International Conference on Service Oriented Computing,B,会议,软件工程/系统软件/程序设计语言
11,SANER,"International Conference on Software Analysis, Evolution, and Reengineering",B,会议,软件工程/系统软件/程序设计语言
12,ICSME,International Conference on Software Maintenance and Evolution,B,会议,软件工程/系统软件/程序设计语言
13,VMCAI,"International Conference on Verification, Model Checking, and Abstract Interpretation",B,会议,软件工程/系统软件/程序设计语言
14,ICWS,International Conference on Web Services （Research Track）,B,会议,软件工程/系统软件/程序设计语言
15,Middleware,International Middleware Conference,B,会议,软件工程/系统软件/程序设计语言
16,SAS,International Static Analysis Symposium,B,会议,软件工程/系统软件/程序设计语言
17,ESEM,International Symposium on Empirical Software Engineering and Measurement,B,会议,软件工程/系统软件/程序设计语言
18,FM,International Symposium on Formal Methods,B,会议,软件工程/系统软件/程序设计语言
19,ISSRE,International Symposium on Software Reliability Engineering,B,会议,软件工程/系统软件/程序设计语言
20,HotOS,USENIX Workshop on Hot Topics in Operating Systems,B,会议,软件工程/系统软件/程序设计语言
1,PEPM,ACM SIGPLAN Workshop on Partial Evaluation and Program Manipulation,C,会议,软件工程/系统软件/程序设计语言
2,PASTE,ACMSIGPLAN-SIGSOFT Workshop on Program Analysis for Software Tools and Engineering,C,会议,软件工程/系统软件/程序设计语言
3,APLAS,Asian Symposium on Programming Languages and Systems,C,会议,软件工程/系统软件/程序设计语言
4,APSEC,Asia-Pacific Software Engineering Conference,C,会议,软件工程/系统软件/程序设计语言
5,EASE,Evaluation and Assessment in Software Engineering,C,会议,软件工程/系统软件/程序设计语言
6,ICECCS,IEEE International Conference on Engineering of Complex Computer Systems,C,会议,软件工程/系统软件/程序设计语言
7,ICST,"IEEE International Conference on Software Testing, Verification and Validation",C,会议,软件工程/系统软件/程序设计语言
8,ISPASS,IEEE International Symposium on Performance Analysis of Systems and Software,C,会议,软件工程/系统软件/程序设计语言
9,SCAM,IEEE International Working Conference on Source Code Analysis and Manipulation,C,会议,软件工程/系统软件/程序设计语言
10,COMPSAC,International Computer Software and Applications Conference,C,会议,软件工程/系统软件/程序设计语言
11,ICFEM,International Conference on Formal Engineering Methods,C,会议,软件工程/系统软件/程序设计语言
12,TOOLS,"International Conference on Objects, Models, Components, Patterns",C,会议,软件工程/系统软件/程序设计语言
13,QSIC,International Conference on Quality Software,C,会议,软件工程/系统软件/程序设计语言
14,SCC,International Conference on Service Computing,C,会议,软件工程/系统软件/程序设计语言
15,ICSSP,International Conference on Software and System Process,C,会议,软件工程/系统软件/程序设计语言
16,SEKE,International Conference on Software Engineering and Knowledge Engineering,C,会议,软件工程/系统软件/程序设计语言
17,ICSR,International Conference on Software Reuse,C,会议,软件工程/系统软件/程序设计语言
18,ICWE,International Conference on Web Engineering,C,会议,软件工程/系统软件/程序设计语言
19,SPIN,International SPIN Workshop on Model Checking Software,C,会议,软件工程/系统软件/程序设计语言
20,ATVA,International Symposium on Automated Technology for Verification and Analysis,C,会议,软件工程/系统软件/程序设计语言
21,LOPSTR,International Symposium on Logic-based Program Synthesis and Transformation,C,会议,软件工程/系统软件/程序设计语言
22,TASE,International Symposium on Theoretical Aspects of Software Engineering,C,会议,软件工程/系统软件/程序设计语言
23,MSR,Mining Software Repositories,C,会议,软件工程/系统软件/程序设计语言
24,REFSQ,Requirements Engineering: Foundation for Software Quality,C,会议,软件工程/系统软件/程序设计语言
25,WICSA,Working IEEE/IFIP Conference on Software Architecture,C,会议,软件工程/系统软件/程序设计语言
1,SIGMOD,ACM Conference on Management of Data,A,会议,数据库/数据挖掘/内容检索
2,SIGKDD,ACM Knowledge Discovery and Data Mining,A,会议,数据库/数据挖掘/内容检索
3,ICDE,IEEE International Conference on Data Engineering,A,会议,数据库/数据挖掘/内容检索
4,SIGIR,International Conference on Research on Development in Information Retrieval,A,会议,数据库/数据挖掘/内容检索
5,VLDB,International Conference on Very Large Data Bases,A,会议,数据库/数据挖掘/内容检索
1,CIKM,ACM International Conference on Information and Knowledge Management,B,会议,数据库/数据挖掘/内容检索
2,WSDM,ACM International Conference on Web Search and Data Mining,B,会议,数据库/数据挖掘/内容检索
3,PODS,ACM Symposium on Principles of Database Systems,B,会议,数据库/数据挖掘/内容检索
4,DASFAA,Database Systems for Advanced Applications,B,会议,数据库/数据挖掘/内容检索
5,ECML-PKDD,European Conference on Machine Learning and Principles and Practice of Knowledge Discovery in Databases,B,会议,数据库/数据挖掘/内容检索
6,ISWC,IEEE International Semantic Web Conference,B,会议,数据库/数据挖掘/内容检索
7,ICDM,International Conference on Data Mining,B,会议,数据库/数据挖掘/内容检索
8,ICDT,International Conference on Database Theory,B,会议,数据库/数据挖掘/内容检索
9,EDBT,International Conference on Extending DB Technology,B,会议,数据库/数据挖掘/内容检索
10,CIDR,International Conference on Innovative Data Systems Research,B,会议,数据库/数据挖掘/内容检索
11,SDM,SIAM International Conference on Data Mining,B,会议,数据库/数据挖掘/内容检索
1,APWeb,Asia Pacific Web Conference,C,会议,数据库/数据挖掘/内容检索
2,DEXA,Database and Expert System Applications,C,会议,数据库/数据挖掘/内容检索
3,ECIR,European Conference on IR Research,C,会议,数据库/数据挖掘/内容检索
4,ESWC,Extended Semantic Web Conference,C,会议,数据库/数据挖掘/内容检索
5,WebDB,International ACM Workshop on Web and Databases,C,会议,数据库/数据挖掘/内容检索
6,ER,International Conference on Conceptual Modeling,C,会议,数据库/数据挖掘/内容检索
7,MDM,International Conference on Mobile Data Management,C,会议,数据库/数据挖掘/内容检索
8,SSDBM,International Conference on Scientific and Statistical DB Management,C,会议,数据库/数据挖掘/内容检索
9,WAIM,International Conference on Web Age Information Management,C,会议,数据库/数据挖掘/内容检索
10,SSTD,International Symposium on Spatial and Temporal Databases,C,会议,数据库/数据挖掘/内容检索
11,PAKDD,Pacific-Asia Conference on Knowledge Discovery and Data Mining,C,会议,数据库/数据挖掘/内容检索
12,WISE,Web Information Systems Engineering,C,会议,数据库/数据挖掘/内容检索
1,STOC,ACM Symposium on the Theory of Computing,A,会议,计算机科学理论
2,SODA,ACM-SIAM Symposium on Discrete Algorithms,A,会议,计算机科学理论
3,CAV,Computer Aided Verification,A,会议,计算机科学理论
4,FOCS,IEEE Annual Symposium on Foundations of Computer Science,A,会议,计算机科学理论
5,LICS,IEEE Symposium on Logic in Computer Science,A,会议,计算机科学理论
1,SoCG,ACM Symposium on Computational Geometry,B,会议,计算机科学理论
2,ESA,European Symposium on Algorithms,B,会议,计算机科学理论
3,CCC,IEEE Conference on Computational Complexity,B,会议,计算机科学理论
4,ICALP,"International Colloquium on Automata, Languages and Programming",B,会议,计算机科学理论
5,CADE/IJCAR,International Conference on Automated Deduction/International Joint Conference on Automated Reasoning,B,会议,计算机科学理论
6,CONCUR,International Conference on Concurrency Theory,B,会议,计算机科学理论
7,HSCC,International Conference on Hybrid Systems: Computation and Control,B,会议,计算机科学理论
8,SAT,Theory and Applications of Satisfiability Testing,B,会议,计算机科学理论
1,CSL,Computer Science Logic,C,会议,计算机科学理论
2,FMCAD,Formal Methods in Computer-Aided Design,C,会议,计算机科学理论
3,FSTTCS,Foundations of Software Technology and Theoretical Computer Science,C,会议,计算机科学理论
4,DSAA,IEEE International Conference on Data Science and Advanced Analytics,C,会议,计算机科学理论
5,ICTAC,International Colloquium on Theoretical Aspects of Computing,C,会议,计算机科学理论
6,IPCO,International Conference on Integer Programming and Combinatorial Optimization,C,会议,计算机科学理论
7,RTA,International Conference on Rewriting Techniques and Applications,C,会议,计算机科学理论
8,ISAAC,International Symposium on Algorithms and Computation,C,会议,计算机科学理论
9,MFCS,Mathematical Foundations of Computer Science,C,会议,计算机科学理论
10,STACS,Symposium on Theoretical Aspects of Computer Science,C,会议,计算机科学理论
1,ACM MM,ACM International Conference on Multimedia,A,会议,计算机图形学与多媒体
2,SIGGRAPH,ACM SIGGRAPH Annual Conference,A,会议,计算机图形学与多媒体
3,VR,IEEE Virtual Reality,A,会议,计算机图形学与多媒体
4,IEEE VIS,IEEE Visualization Conference,A,会议,计算机图形学与多媒体
1,ICMR,ACM SIGMM International Conference on Multimedia Retrieval,B,会议,计算机图形学与多媒体
2,SI3D,ACM Symposium on Interactive 3D Graphics,B,会议,计算机图形学与多媒体
3,SCA,ACM/Eurographics Symposium on Computer Animation,B,会议,计算机图形学与多媒体
4,DCC,Data Compression Conference,B,会议,计算机图形学与多媒体
5,EG,Eurographics,B,会议,计算机图形学与多媒体
6,EuroVis,Eurographics Conference on Visualization,B,会议,计算机图形学与多媒体
7,SGP,Eurographics Symposium on Geometry Processing,B,会议,计算机图形学与多媒体
8,EGSR,Eurographics Symposium on Rendering,B,会议,计算机图形学与多媒体
9,ICASSP,"IEEE International Conference on Acoustics, Speech and SP",B,会议,计算机图形学与多媒体
10,ICME,IEEE International Conference on Multimedia & Expo,B,会议,计算机图形学与多媒体
11,ISMAR,International Symposium on Mixed and Augmented Reality,B,会议,计算机图形学与多媒体
12,PG,Pacific Graphics: The Pacific Conference on Computer Graphics and Applications,B,会议,计算机图形学与多媒体
13,SPM,Symposium on Solid and Physical Modeling,B,会议,计算机图形学与多媒体
1,,ACM Symposium on Virtual Reality Software and Technology,C,会议,计算机图形学与多媒体
2,CASA,Computer Animation and Social Agents,C,会议,计算机图形学与多媒体
3,CGI,Computer Graphics International,C,会议,计算机图形学与多媒体
4,INTERSPEECH,Conference of the International Speech Communication Association,C,会议,计算机图形学与多媒体
5,GMP,Geometric Modeling and Processing,C,会议,计算机图形学与多媒体
6,PacificVis,IEEE Pacific Visualization Symposium,C,会议,计算机图形学与多媒体
7,3DV,International Conference on 3D Vision,C,会议,计算机图形学与多媒体
8,CAD/Graphics,International Conference on Computer-Aided Design and Computer Graphics,C,会议,计算机图形学与多媒体
9,ICIP,International Conference on Image Processing,C,会议,计算机图形学与多媒体
10,MMM,International Conference on Multimedia Modeling,C,会议,计算机图形学与多媒体
11,PCM,Pacific-Rim Conference on Multimedia,C,会议,计算机图形学与多媒体
12,SMI,Shape Modeling International,C,会议,计算机图形学与多媒体
1,AAAI,AAAI Conference on Artificial Intelligence,A,会议,人工智能
2,NeurIPS,Annual Conference on Neural Information Processing Systems,A,会议,人工智能
3,ACL,Annual Meeting of the Association for Computational Linguistics,A,会议,人工智能
4,CVPR,IEEE Conference on Computer Vision and Pattern Recognition,A,会议,人工智能
5,ICCV,International Conference on Computer Vision,A,会议,人工智能
6,ICML,International Conference on Machine Learning,A,会议,人工智能
7,IJCAI,International Joint Conference on Artificial Intelligence,A,会议,人工智能
1,COLT,Annual Conference on Computational Learning Theory,B,会议,人工智能
2,EMNLP,Conference on Empirical Methods in Natural Language Processing,B,会议,人工智能
3,ECAI,European Conference on Artificial Intelligence,B,会议,人工智能
4,ECCV,European Conference on Computer Vision,B,会议,人工智能
5,ICRA,IEEE International Conference on Robotics and Automation,B,会议,人工智能
6,ICAPS,International Conference on Automated Planning and Scheduling,B,会议,人工智能
7,ICCBR,International Conference on Case-Based Reasoning and Development,B,会议,人工智能
8,COLING,International Conference on Computational Linguistics,B,会议,人工智能
9,KR,International Conference on Principles of Knowledge Representation and Reasoning,B,会议,人工智能
10,UAI,International Conference on Uncertainty in Artificial Intelligence,B,会议,人工智能
11,AAMAS,International Joint Conference on Autonomous Agents and Multi-agent Systems,B,会议,人工智能
12,PPSN,Parallel Problem Solving from Nature,B,会议,人工智能
1,AISTATS,Artificial Intelligence and Statistics,C,会议,人工智能
2,ACCV,Asian Conference on Computer Vision,C,会议,人工智能
3,ACML,Asian Conference on Machine Learning,C,会议,人工智能
4,BMVC,British Machine Vision Conference,C,会议,人工智能
5,NLPCC,conf.International Conference on Natural Language Processing and Chinese Computing,C,会议,人工智能
6,CoNLL,Conference on Computational Natural Language Learning,C,会议,人工智能
7,GECCO,Genetic and Evolutionary Computation Conference,C,会议,人工智能
8,ICTAI,IEEE International Conference on Tools with Artificial Intelligence,C,会议,人工智能
9,IROS,IEEE/RSJ International Conference on Intelligent Robots and Systems,C,会议,人工智能
10,ALT,International Conference on Algorithmic Learning Theory,C,会议,人工智能
11,ICANN,International Conference on Artificial Neural Networks,C,会议,人工智能
12,FG,International Conference on Automatic Face and Gesture Recognition,C,会议,人工智能
13,ICDAR,International Conference on Document Analysis and Recognition,C,会议,人工智能
14,ILP,International Conference on Inductive Logic Programming,C,会议,人工智能
15,KSEM,"International conference on Knowledge Science, Engineering and Management",C,会议,人工智能
16,ICONIP,International Conference on Neural Information Processing,C,会议,人工智能
17,ICPR,International Conference on Pattern Recognition,C,会议,人工智能
18,ICB,International Joint Conference on Biometrics,C,会议,人工智能
19,IJCNN,International Joint Conference on Neural Networks,C,会议,人工智能
20,PRICAI,Pacific Rim International Conference on Artificial Intelligence,C,会议,人工智能
21,NAACL,The Annual Conference of the North American Chapter of the Association for Computational Linguistics,C,会议,人工智能
1,CSCW,ACM Conference on Computer Supported Cooperative Work and Social Computing,A,会议,人机交互与普适计算
2,CHI,ACM Conference on Human Factors in Computing Systems,A,会议,人机交互与普适计算
3,UbiComp,ACM International Conference on Ubiquitous Computing,A,会议,人机交互与普适计算
1,GROUP,ACM Conference on Supporting Group Work,B,会议,人机交互与普适计算
2,IUI,ACM International Conference on Intelligent User Interfaces,B,会议,人机交互与普适计算
3,ITS,ACM International Conference on Interactive Tabletops and Surfaces,B,会议,人机交互与普适计算
4,UIST,ACM Symposium on User Interface Software and Technology,B,会议,人机交互与普适计算
5,ECSCW,European Conference on Computer Supported Cooperative Work,B,会议,人机交互与普适计算
6,PERCOM,IEEE International Conference on Pervasive Computing and Communications,B,会议,人机交互与普适计算
7,MobileHCI,International Conference on Human Computer Interaction with Mobile Devices and Services,B,会议,人机交互与普适计算
1,DIS,ACM Conference on Designing Interactive Systems,C,会议,人机交互与普适计算
2,ICMI,ACM International Conference on Multimodal Interaction,C,会议,人机交互与普适计算
3,ASSETS,ACM SIGACCESS Conference on Computers and Accessibility,C,会议,人机交互与普适计算
4,GI,Graphics Interface conference,C,会议,人机交互与普适计算
5,UIC,IEEE International Conference on Ubiquitous Intelligence and Computing,C,会议,人机交互与普适计算
6,,IEEE World Haptics Conference,C,会议,人机交互与普适计算
7,INTERACT,IFIP TC13 Conference on Human-Computer Interaction,C,会议,人机交互与普适计算
8,IDC,Interaction Design and Children,C,会议,人机交互与普适计算
9,CollaborateCom,"International Conference on Collaborative Computing: Networking, Applications and Worksharing",C,会议,人机交互与普适计算
10,CSCWD,International Conference on Computer Supported Cooperative Work in Design,C,会议,人机交互与普适计算
11,CoopIS,International Conference on Cooperative Information Systems,C,会议,人机交互与普适计算
12,MobiQuitous,"International Conference on Mobile and Ubiquitous Systems: Computing, Networking and Services",C,会议,人机交互与普适计算
13,AVI,International Working Conference on Advanced Visual Interfaces,C,会议,人机交互与普适计算
1,WWW,International World Wide Web Conferences,A,会议,交叉/综合/新兴
2,RTSS,Real-Time Systems Symposium,A,会议,交叉/综合/新兴
1,CogSci,Cognitive Science Society Annual Conference,B,会议,交叉/综合/新兴
2,BIBM,IEEE International Conference on Bioinformatics and Biomedicine,B,会议,交叉/综合/新兴
3,EMSOFT,International Conference on Embedded Software,B,会议,交叉/综合/新兴
4,ISMB,International conference on Intelligent Systems for Molecular Biology,B,会议,交叉/综合/新兴
5,RECOMB,International Conference on Research in Computational Molecular Biology,B,会议,交叉/综合/新兴
1,AMIA,American Medical Informatics Association Annual Symposium,C,会议,交叉/综合/新兴
2,APBC,Asia Pacific Bioinformatics Conference,C,会议,交叉/综合/新兴
3,,IEEE International Conference on Big Data,C,会议,交叉/综合/新兴
4,,IEEE International Conference on Cloud Computing,C,会议,交叉/综合/新兴
5,SMC,"IEEE International Conference on Systems, Man, and Cybernetics",C,会议,交叉/综合/新兴
6,COSIT,International Conference on Spatial Information Theory,C,会议,交叉/综合/新兴
7,ISBRA,International Symposium on Bioinformatics Research and Applications,C,会议,交叉/综合/新兴
1,TOCS,ACM Transactions on Computer Systems,A,期刊,计算机体系结构/并行与分布计算/存储系统
2,TOS,ACM Transactions on Storage,A,期刊,计算机体系结构/并行与分布计算/存储系统
3,TCAD,IEEE Transactions on Computer-Aided Design of Integrated Circuits and System,A,期刊,计算机体系结构/并行与分布计算/存储系统
4,TC,IEEE Transactions on Computers,A,期刊,计算机体系结构/并行与分布计算/存储系统
5,TPDS,IEEE Transactions on Parallel and Distributed Systems,A,期刊,计算机体系结构/并行与分布计算/存储系统
1,TACO,ACM Transactions on Architecture and Code Optimization,B,期刊,计算机体系结构/并行与分布计算/存储系统
2,TAAS,ACM Transactions on Autonomous and Adaptive Systems,B,期刊,计算机体系结构/并行与分布计算/存储系统
3,TODAES,ACM Transactions on Design Automation of Electronic Systems,B,期刊,计算机体系结构/并行与分布计算/存储系统
4,TECS,ACM Transactions on Embedded Computing Systems,B,期刊,计算机体系结构/并行与分布计算/存储系统
5,TRETS,ACM Transactions on Reconfigurable Technology and Systems,B,期刊,计算机体系结构/并行与分布计算/存储系统
6,TVLSI,IEEE Transactions on Very Large Scale Integration (VLSI) Systems,B,期刊,计算机体系结构/并行与分布计算/存储系统
7,JPDC,Journal of Parallel and Distributed Computing,B,期刊,计算机体系结构/并行与分布计算/存储系统
8,JSA,Journal of Systems Architecture: Embedded Software Design,B,期刊,计算机体系结构/并行与分布计算/存储系统
9,PARCO,Parallel Computing,B,期刊,计算机体系结构/并行与分布计算/存储系统
10,,Performance Evaluation: An International Journal,B,期刊,计算机体系结构/并行与分布计算/存储系统
1,JETC,ACM Journal on Emerging Technologies in Computing Systems,C,期刊,计算机体系结构/并行与分布计算/存储系统
2,,Concurrency and Computation: Practice and Experience,C,期刊,计算机体系结构/并行与分布计算/存储系统
3,DC,Distributed Computing,C,期刊,计算机体系结构/并行与分布计算/存储系统
4,FGCS,Future Generation Computer Systems,C,期刊,计算机体系结构/并行与分布计算/存储系统
5,TCC,IEEE Transactions on Cloud Computing,C,期刊,计算机体系结构/并行与分布计算/存储系统
6,Integration,"Integration, the VLSI Journal",C,期刊,计算机体系结构/并行与分布计算/存储系统
7,JETTA,Journal of Electronic Testing-Theory and Applications,C,期刊,计算机体系结构/并行与分布计算/存储系统
8,JGC,Journal of Grid computing,C,期刊,计算机体系结构/并行与分布计算/存储系统
9,MICPRO,Microprocessors and Microsystems: Embedded Hardware Design,C,期刊,计算机体系结构/并行与分布计算/存储系统
10,RTS,Real-Time Systems,C,期刊,计算机体系结构/并行与分布计算/存储系统
11,TJSC,The Journal of Supercomputing,C,期刊,计算机体系结构/并行与分布计算/存储系统
1,JSAC,IEEE Journal of Selected Areas in Communications,A,期刊,计算机网络
2,TMC,IEEE Transactions on Mobile Computing,A,期刊,计算机网络
3,TON,IEEE/ACM Transactions on Networking,A,期刊,计算机网络
1,TOIT,ACM Transactions on Internet Technology,B,期刊,计算机网络
2,TOMCCAP,"ACM Transactions on Multimedia Computing, Communications and Applications",B,期刊,计算机网络
3,TOSN,ACM Transactions on Sensor Networks,B,期刊,计算机网络
4,CN,Computer Networks,B,期刊,计算机网络
5,TCOM,IEEE Transactions on Communications,B,期刊,计算机网络
6,TWC,IEEE Transactions on Wireless Communications,B,期刊,计算机网络
1,,Ad Hoc Networks,C,期刊,计算机网络
2,CC,Computer Communications,C,期刊,计算机网络
3,TNSM,IEEE Transactions on Network and Service Management,C,期刊,计算机网络
4,,IET Communications,C,期刊,计算机网络
5,JNCA,Journal of Network and Computer Applications,C,期刊,计算机网络
6,MONET,Mobile Networks & Applications,C,期刊,计算机网络
7,,Networks,C,期刊,计算机网络
8,PPNA,Peer-to-Peer Networking and Applications,C,期刊,计算机网络
9,WCMC,Wireless Communications & Mobile Computing,C,期刊,计算机网络
10,,Wireless Networks,C,期刊,计算机网络
1,TDSC,IEEE Transactions on Dependable and Secure Computing,A,期刊,网络与信息安全
2,TIFS,IEEE Transactions on Information Forensics and Security,A,期刊,网络与信息安全
3,,Journal of Cryptology,A,期刊,网络与信息安全
1,TISSEC,ACM Transactions on Information and System Security,B,期刊,网络与信息安全
2,,Computers & Security,B,期刊,网络与信息安全
3,,"Designs, Codes and Cryptography",B,期刊,网络与信息安全
4,JCS,Journal of Computer Security,B,期刊,网络与信息安全
1,CLSR,Computer Law and Security Review,C,期刊,网络与信息安全
2,,EURASIP Journal on Information Security,C,期刊,网络与信息安全
3,,IET Information Security,C,期刊,网络与信息安全
4,IMCS,Information Management & Computer Security,C,期刊,网络与信息安全
5,IJICS,International Journal of Information and Computer Security,C,期刊,网络与信息安全
6,IJISP,International Journal of Information Security and Privacy,C,期刊,网络与信息安全
7,JISA,Journal of Information Security and Application,C,期刊,网络与信息安全
8,SCN,Security and Communication Networks,C,期刊,网络与信息安全
1,TOPLAS,ACM Transactions on Programming Languages & Systems,A,期刊,软件工程/系统软件/程序设计语言
2,TOSEM,ACM Transactions on Software Engineering and Methodology,A,期刊,软件工程/系统软件/程序设计语言
3,TSE,IEEE Transactions on Software Engineering,A,期刊,软件工程/系统软件/程序设计语言
1,ASE,Automated Software Engineering,B,期刊,软件工程/系统软件/程序设计语言
2,ESE,Empirical Software Engineering,B,期刊,软件工程/系统软件/程序设计语言
3,TSC,IEEE Transactions on Service Computing,B,期刊,软件工程/系统软件/程序设计语言
4,IETS,IET Software,B,期刊,软件工程/系统软件/程序设计语言
5,IST,Information and Software Technology,B,期刊,软件工程/系统软件/程序设计语言
6,JFP,Journal of Functional Programming,B,期刊,软件工程/系统软件/程序设计语言
7,,Journal of Software: Evolution and Process,B,期刊,软件工程/系统软件/程序设计语言
8,JSS,Journal of Systems and Software,B,期刊,软件工程/系统软件/程序设计语言
9,RE,Requirements Engineering,B,期刊,软件工程/系统软件/程序设计语言
10,SCP,Science of Computer Programming,B,期刊,软件工程/系统软件/程序设计语言
11,SoSyM,Software and System Modeling,B,期刊,软件工程/系统软件/程序设计语言
12,STVR,"Software Testing, Verification and Reliability",B,期刊,软件工程/系统软件/程序设计语言
13,SPE,Software: Practice and Experience,B,期刊,软件工程/系统软件/程序设计语言
1,CL,"Computer Languages, Systems and Structures",C,期刊,软件工程/系统软件/程序设计语言
2,IJSEKE,International Journal on Software Engineering and Knowledge Engineering,C,期刊,软件工程/系统软件/程序设计语言
3,STTT,International Journal on Software Tools for Technology Transfer,C,期刊,软件工程/系统软件/程序设计语言
4,JLAP,Journal of Logic and Algebraic Programming,C,期刊,软件工程/系统软件/程序设计语言
5,JWE,Journal of Web Engineering,C,期刊,软件工程/系统软件/程序设计语言
6,SOCA,Service Oriented Computing and Applications,C,期刊,软件工程/系统软件/程序设计语言
7,SQJ,Software Quality Journal,C,期刊,软件工程/系统软件/程序设计语言
8,TPLP,Theory and Practice of Logic Programming,C,期刊,软件工程/系统软件/程序设计语言
1,TODS,ACM Transactions on Database Systems,A,期刊,数据库/数据挖掘/内容检索
2,TOIS,ACM Transactions on Information Systems,A,期刊,数据库/数据挖掘/内容检索
3,TKDE,IEEE Transactions on Knowledge and Data Engineering,A,期刊,数据库/数据挖掘/内容检索
4,VLDBJ,The VLDB Journal,A,期刊,数据库/数据挖掘/内容检索
1,TKDD,ACM Transactions on Knowledge Discovery from Data,B,期刊,数据库/数据挖掘/内容检索
2,TWEB,ACM Transactions on the Web,B,期刊,数据库/数据挖掘/内容检索
3,AEI,Advanced Engineering Informatics,B,期刊,数据库/数据挖掘/内容检索
4,DKE,Data and Knowledge Engineering,B,期刊,数据库/数据挖掘/内容检索
5,DMKD,Data Mining and Knowledge Discovery,B,期刊,数据库/数据挖掘/内容检索
6,EJIS,European Journal of Information Systems,B,期刊,数据库/数据挖掘/内容检索
7,,GeoInformatica,B,期刊,数据库/数据挖掘/内容检索
8,IPM,Information Processing and Management,B,期刊,数据库/数据挖掘/内容检索
9,,Information Sciences,B,期刊,数据库/数据挖掘/内容检索
10,IS,Information Systems,B,期刊,数据库/数据挖掘/内容检索
11,JASIST,Journal of the American Society for Information Science and Technology,B,期刊,数据库/数据挖掘/内容检索
12,JWS,Journal of Web Semantics,B,期刊,数据库/数据挖掘/内容检索
13,KAIS,Knowledge and Information Systems,B,期刊,数据库/数据挖掘/内容检索
1,DPD,Distributed and Parallel Databases,C,期刊,数据库/数据挖掘/内容检索
2,I&M,Information and Management,C,期刊,数据库/数据挖掘/内容检索
3,IPL,Information Processing Letters,C,期刊,数据库/数据挖掘/内容检索
4,IR,Information Retrieval Journal,C,期刊,数据库/数据挖掘/内容检索
5,IJCIS,International Journal of Cooperative Information Systems,C,期刊,数据库/数据挖掘/内容检索
6,IJGIS,International Journal of Geographical Information Science,C,期刊,数据库/数据挖掘/内容检索
7,IJIS,International Journal of Intelligent Systems,C,期刊,数据库/数据挖掘/内容检索
8,IJKM,International Journal of Knowledge Management,C,期刊,数据库/数据挖掘/内容检索
9,IJSWIS,International Journal on Semantic Web and Information Systems,C,期刊,数据库/数据挖掘/内容检索
10,JCIS,Journal of Computer Information Systems,C,期刊,数据库/数据挖掘/内容检索
11,JDM,Journal of Database Management,C,期刊,数据库/数据挖掘/内容检索
12,JGITM,Journal of Global Information Technology Management,C,期刊,数据库/数据挖掘/内容检索
13,JIIS,Journal of Intelligent Information Systems,C,期刊,数据库/数据挖掘/内容检索
14,JSIS,Journal of Strategic Information Systems,C,期刊,数据库/数据挖掘/内容检索
1,TIT,IEEE Transactions on Information Theory,A,期刊,计算机科学理论
2,IANDC,Information and Computation,A,期刊,计算机科学理论
3,SICOMP,SIAM Journal on Computing,A,期刊,计算机科学理论
1,TALG,ACM Transactions on Algorithms,B,期刊,计算机科学理论
2,TOCL,ACM Transactions on Computational Logic,B,期刊,计算机科学理论
3,TOMS,ACM Transactions on Mathematical Software,B,期刊,计算机科学理论
4,Algorithmica,Algorithmica,B,期刊,计算机科学理论
5,CC,Computational Complexity,B,期刊,计算机科学理论
6,FAC,Formal Aspects of Computing,B,期刊,计算机科学理论
7,FMSD,Formal Methods in System Design,B,期刊,计算机科学理论
8,INFORMS,INFORMS Journal on Computing,B,期刊,计算机科学理论
9,JCSS,Journal of Computer and System Sciences,B,期刊,计算机科学理论
10,JGO,Journal of Global Optimization,B,期刊,计算机科学理论
11,JSC,Journal of Symbolic Computation,B,期刊,计算机科学理论
12,MSCS,Mathematical Structures in Computer Science,B,期刊,计算机科学理论
13,TCS,Theoretical Computer Science,B,期刊,计算机科学理论
1,ACTA,Acta Informatica,C,期刊,计算机科学理论
2,APAL,Annals of Pure and Applied Logic,C,期刊,计算机科学理论
3,DAM,Discrete Applied Mathematics,C,期刊,计算机科学理论
4,FUIN,Fundamenta Informaticae,C,期刊,计算机科学理论
5,LISP,Higher-Order and Symbolic Computation,C,期刊,计算机科学理论
6,IPL,Information Processing Letters,C,期刊,计算机科学理论
7,JCOMPLEXITY,Journal of Complexity,C,期刊,计算机科学理论
8,LOGCOM,Journal of Logic and Computation,C,期刊,计算机科学理论
9,JSL,Journal of Symbolic Logic,C,期刊,计算机科学理论
10,LMCS,Logical Methods in Computer Science,C,期刊,计算机科学理论
11,SIDMA,SIAM Journal on Discrete Mathematics,C,期刊,计算机科学理论
12,,Theory of Computing Systems,C,期刊,计算机科学理论
1,TOG,ACM Transactions on Graphics,A,期刊,计算机图形学与多媒体
2,TIP,IEEE Transactions on Image Processing,A,期刊,计算机图形学与多媒体
3,TVCG,IEEE Transactions on Visualization and Computer Graphics,A,期刊,计算机图形学与多媒体
1,TOMCCAP,"ACM Transactions on Multimedia Computing, Communications and Application",B,期刊,计算机图形学与多媒体
2,CAGD,Computer Aided Geometric Design,B,期刊,计算机图形学与多媒体
3,CGF,Computer Graphics Forum,B,期刊,计算机图形学与多媒体
4,CAD,Computer-Aided Design,B,期刊,计算机图形学与多媒体
5,GM,Graphical Models,B,期刊,计算机图形学与多媒体
6,TCSVT,IEEE Transactions on Circuits and Systems for Video Technology,B,期刊,计算机图形学与多媒体
7,TMM,IEEE Transactions on Multimedia,B,期刊,计算机图形学与多媒体
8,JASA,Journal of The Acoustical Society of America,B,期刊,计算机图形学与多媒体
9,SIIMS,SIAM Journal on Imaging Sciences,B,期刊,计算机图形学与多媒体
10,Speech Com,Speech Communication,B,期刊,计算机图形学与多媒体
1,CGTA,Computational Geometry: Theory and Applications,C,期刊,计算机图形学与多媒体
2,CAVW,Computer Animation and Virtual Worlds,C,期刊,计算机图形学与多媒体
3,C&G,Computers & Graphics,C,期刊,计算机图形学与多媒体
4,DCG,Discrete & Computational Geometry,C,期刊,计算机图形学与多媒体
5,SPL,IEEE Signal Processing Letters,C,期刊,计算机图形学与多媒体
6,IET-IPR,IET Image Processing,C,期刊,计算机图形学与多媒体
7,JVCIR,Journal of Visual Communication and Image Representation,C,期刊,计算机图形学与多媒体
8,MS,Multimedia Systems,C,期刊,计算机图形学与多媒体
9,MTA,Multimedia Tools and Applications,C,期刊,计算机图形学与多媒体
10,,Signal Processing,C,期刊,计算机图形学与多媒体
11,SPIC,Signal Processing: Image Communication,C,期刊,计算机图形学与多媒体
12,TVC,The Visual Computer,C,期刊,计算机图形学与多媒体
1,AI,Artificial Intelligence,A,期刊,人工智能
2,TPAMI,IEEE Trans on Pattern Analysis and Machine Intelligence,A,期刊,人工智能
3,IJCV,International Journal of Computer Vision,A,期刊,人工智能
4,JMLR,Journal of Machine Learning Research,A,期刊,人工智能
1,TAP,ACM Transactions on Applied Perception,B,期刊,人工智能
2,TSLP,ACM Transactions on Speech and Language Processing,B,期刊,人工智能
3,AAMAS,Autonomous Agents and Multi-Agent Systems,B,期刊,人工智能
4,,Computational Linguistics,B,期刊,人工智能
5,CVIU,Computer Vision and Image Understanding,B,期刊,人工智能
6,DKE,Data and Knowledge Engineering,B,期刊,人工智能
7,,Evolutionary Computation,B,期刊,人工智能
8,TAC,IEEE Transactions on Affective Computing,B,期刊,人工智能
9,TASLP,"IEEE Transactions on Audio, Speech, and Language Processing",B,期刊,人工智能
10,,IEEE Transactions on Cybernetics,B,期刊,人工智能
11,TEC,IEEE Transactions on Evolutionary Computation,B,期刊,人工智能
12,TFS,IEEE Transactions on Fuzzy Systems,B,期刊,人工智能
13,TNNLS,IEEE Transactions on Neural Networks and learning systems,B,期刊,人工智能
14,IJAR,International Journal of Approximate Reasoning,B,期刊,人工智能
15,JAIR,Journal of Artificial Intelligence Research,B,期刊,人工智能
16,,Journal of Automated Reasoning,B,期刊,人工智能
17,JSLHR,"Journal of Speech, Language, and Hearing Research",B,期刊,人工智能
18,,Machine Learning,B,期刊,人工智能
19,,Neural Computation,B,期刊,人工智能
20,,Neural Networks,B,期刊,人工智能
21,PR,Pattern Recognition,B,期刊,人工智能
1,TALIP,ACM Transactions on Asian Language Information Processing,C,期刊,人工智能
2,,Applied Intelligence,C,期刊,人工智能
3,AIM,Artificial Intelligence in Medicine,C,期刊,人工智能
4,,Artificial Life,C,期刊,人工智能
5,,Computational Intelligence,C,期刊,人工智能
6,,Computer Speech and Language,C,期刊,人工智能
7,,Connection Science,C,期刊,人工智能
8,DSS,Decision Support Systems,C,期刊,人工智能
9,EAAI,Engineering Applications of Artificial Intelligence,C,期刊,人工智能
10,,Expert Systems,C,期刊,人工智能
11,ESWA,Expert Systems with Applications,C,期刊,人工智能
12,,Fuzzy Sets and Systems,C,期刊,人工智能
13,TG,IEEE Transactions on Games,C,期刊,人工智能
14,IET-CVI,IET Computer Vision,C,期刊,人工智能
15,,IET Signal Processing,C,期刊,人工智能
16,IVC,Image and Vision Computing,C,期刊,人工智能
17,IDA,Intelligent Data Analysis,C,期刊,人工智能
18,IJCIA,International Journal of Computational Intelligence and Applications,C,期刊,人工智能
19,IJIS,International Journal of Intelligent Systems,C,期刊,人工智能
20,IJNS,International Journal of Neural Systems,C,期刊,人工智能
21,IJPRAI,International Journal of Pattern Recognition and Artificial Intelligence,C,期刊,人工智能
22,IJUFKS,"International Journal of Uncertainty, Fuzziness and Knowledge-Based System",C,期刊,人工智能
23,IJDAR,International Journal on Document Analysis and Recognition,C,期刊,人工智能
24,JETAI,Journal of Experimental and Theoretical Artificial Intelligence,C,期刊,人工智能
25,KBS,Knowledge-Based Systems,C,期刊,人工智能
26,,Machine Translation,C,期刊,人工智能
27,,Machine Vision and Applications,C,期刊,人工智能
28,,Natural Computing,C,期刊,人工智能
29,NLE,Natural Language Engineering,C,期刊,人工智能
30,NCA,Neural Computing & Applications,C,期刊,人工智能
31,NPL,Neural Processing Letters,C,期刊,人工智能
32,,Neurocomputing,C,期刊,人工智能
33,PAA,Pattern Analysis and Applications,C,期刊,人工智能
34,PRL,Pattern Recognition Letters,C,期刊,人工智能
35,,Soft Computing,C,期刊,人工智能
36,WI,Web Intelligence,C,期刊,人工智能
1,TOCHI,ACM Transactions on Computer-Human Interaction,A,期刊,人机交互与普适计算
2,IJHCS,International Journal of Human Computer Studies,A,期刊,人机交互与普适计算
1,CSCW,Computer Supported Cooperative Work,B,期刊,人机交互与普适计算
2,HCI,Human Computer Interaction,B,期刊,人机交互与普适计算
3,,IEEE Transactions on Human-Machine Systems,B,期刊,人机交互与普适计算
4,IWC,Interacting with Computers,B,期刊,人机交互与普适计算
5,IJHCI,International Journal of Human-Computer Interaction,B,期刊,人机交互与普适计算
6,UMUAI,User Modeling and User-Adapted Interaction,B,期刊,人机交互与普适计算
1,BIT,Behaviour & Information Technology,C,期刊,人机交互与普适计算
2,PUC,Personal and Ubiquitous Computing,C,期刊,人机交互与普适计算
3,PMC,Pervasive and Mobile Computing,C,期刊,人机交互与普适计算
1,JACM,Journal of the ACM,A,期刊,交叉/综合/新兴
2,Proc. IEEE,Proceedings of the IEEE,A,期刊,交叉/综合/新兴
1,,Bioinformatics,B,期刊,交叉/综合/新兴
2,,Briefings in Bioinformatics,B,期刊,交叉/综合/新兴
3,Cognition,Cognition：International Journal of Cognitive Science,B,期刊,交叉/综合/新兴
4,TASAE,IEEE Transactions on Automation Science and Engineering,B,期刊,交叉/综合/新兴
5,TGARS,IEEE Transactions on Geoscience and Remote Sensing,B,期刊,交叉/综合/新兴
6,TITS,IEEE Transactions on Intelligent Transportation Systems,B,期刊,交叉/综合/新兴
7,TMI,IEEE Transactions on Medical Imaging,B,期刊,交叉/综合/新兴
8,TR,IEEE Transactions on Robotics,B,期刊,交叉/综合/新兴
9,TCBB,IEEE-ACM Transactions on Computational Biology and Bioinformatics,B,期刊,交叉/综合/新兴
10,JCST,Journal of Computer Science and Technology,B,期刊,交叉/综合/新兴
11,JAMIA,Journal of the American Medical Informatics Association,B,期刊,交叉/综合/新兴
12,,PLOS Computational Biology,B,期刊,交叉/综合/新兴
13,,Science China Information Sciences,B,期刊,交叉/综合/新兴
14,,The Computer Journal,B,期刊,交叉/综合/新兴
15,,World Wide Web Journal,B,期刊,交叉/综合/新兴
1,,BMC Bioinformatics,C,期刊,交叉/综合/新兴
2,,Cybernetics and Systems,C,期刊,交叉/综合/新兴
3,FCS,Frontiers of Computer Science,C,期刊,交叉/综合/新兴
4,,IEEE Geoscience and Remote Sensing Letters,C,期刊,交叉/综合/新兴
5,JBHI,IEEE Journal of Biomedical and Health Informatics,C,期刊,交叉/综合/新兴
6,TBD,IEEE Transactions on Big Data,C,期刊,交叉/综合/新兴
7,,IET Intelligent Transport Systems,C,期刊,交叉/综合/新兴
8,JBI,Journal of Biomedical Informatics,C,期刊,交叉/综合/新兴
9,,Medical Image Analysis,C,期刊,交叉/综合/新兴